{
  "blend_w_max": 0.3,
  "uv": {
    "15": {
      "t": [
        0.0,
        60.0,
        120.0
      ],
      "SOD": [
        0.2082264179847572,
        0.2879246294665084,
        0.4952701926391175
      ],
      "CAT": [
        0.0,
        0.0,
        0.7545164718384697
      ]
    },
    "30": {
      "t": [
        0.0,
        60.0,
        120.0
      ],
      "SOD": [
        0.3414652828309907,
        0.3633717590287617,
        0.6642211212874531
      ],
      "CAT": [
        0.0,
        0.0,
        0.7545164718384697
      ]
    }
  }
}